{"cameraMode":{"drawMode":0,"name":"Shaded","section":"Shading Mode"},"sceneLighting":false,"audioPlay":false,"sceneViewState":{"m_AlwaysRefresh":false,"showFog":true,"showSkybox":true,"showFlares":true,"showImageEffects":true,"showParticleSystems":true,"showVisualEffectGraphs":true,"m_FxEnabled":true},"in2DMode":false,"pivot":{"x":419.5557556152344,"y":678.3353271484375,"z":41.72232437133789},"rotation":{"x":-0.03867347911000252,"y":-0.019488750025629998,"z":-0.0007541026570834219,"w":0.9990602135658264},"size":367.1940002441406,"orthographic":false}